<?xml version="1.0" encoding="UTF-8"?><?xml-stylesheet type='text/xsl' href='_UpgradeReport_Files/UpgradeReport.xslt'?><UpgradeLog>
<Properties><Property Name="Solution" Value="Mouse and keyboard interaction in VBNET">
</Property><Property Name="Solution File" Value="C:\Users\Mory\Downloads\Programing\Mouse_and_keyboard_interaction_in_VBNET\Mouse and keyboard interaction in VBNET\Mouse and keyboard interaction in VBNET.sln">
</Property><Property Name="User Options File" Value="C:\Users\Mory\Downloads\Programing\Mouse_and_keyboard_interaction_in_VBNET\Mouse and keyboard interaction in VBNET\Mouse and keyboard interaction in VBNET.suo">
</Property><Property Name="Date" Value="Thursday, October 16, 2014">
</Property><Property Name="Time" Value="11:58 AM">
</Property></Properties><Event ErrorLevel="0" Project="" Source="Mouse and keyboard interaction in VBNET.sln" Description="File successfully backed up as C:\Users\Mory\Downloads\Programing\Mouse_and_keyboard_interaction_in_VBNET\Mouse and keyboard interaction in VBNET\Backup\Mouse and keyboard interaction in VBNET.sln">
</Event><Event ErrorLevel="0" Project="" Source="Mouse and keyboard interaction in VBNET.suo" Description="File successfully backed up as C:\Users\Mory\Downloads\Programing\Mouse_and_keyboard_interaction_in_VBNET\Mouse and keyboard interaction in VBNET\Backup\Mouse and keyboard interaction in VBNET.suo">
</Event><Event ErrorLevel="0" Project="Mouse and keyboard interaction in VBNET" Source="Mouse and keyboard interaction in VBNET.vbproj" Description="Project file successfully backed up as C:\Users\Mory\Downloads\Programing\Mouse_and_keyboard_interaction_in_VBNET\Mouse and keyboard interaction in VBNET\Backup\Mouse and keyboard interaction in VBNET.vbproj">
</Event><Event ErrorLevel="0" Project="Mouse and keyboard interaction in VBNET" Source="Mouse and keyboard interaction in VBNET.vbproj.user" Description="Project user file successfully backed up as C:\Users\Mory\Downloads\Programing\Mouse_and_keyboard_interaction_in_VBNET\Mouse and keyboard interaction in VBNET\Backup\Mouse and keyboard interaction in VBNET.vbproj.user">
</Event><Event ErrorLevel="0" Project="Mouse and keyboard interaction in VBNET" Source="Form1.vb" Description="File successfully backed up as C:\Users\Mory\Downloads\Programing\Mouse_and_keyboard_interaction_in_VBNET\Mouse and keyboard interaction in VBNET\Backup\Form1.vb">
</Event><Event ErrorLevel="0" Project="Mouse and keyboard interaction in VBNET" Source="Form1.Designer.vb" Description="File successfully backed up as C:\Users\Mory\Downloads\Programing\Mouse_and_keyboard_interaction_in_VBNET\Mouse and keyboard interaction in VBNET\Backup\Form1.Designer.vb">
</Event><Event ErrorLevel="0" Project="Mouse and keyboard interaction in VBNET" Source="My Project\AssemblyInfo.vb" Description="File successfully backed up as C:\Users\Mory\Downloads\Programing\Mouse_and_keyboard_interaction_in_VBNET\Mouse and keyboard interaction in VBNET\Backup\My Project\AssemblyInfo.vb">
</Event><Event ErrorLevel="0" Project="Mouse and keyboard interaction in VBNET" Source="My Project\Application.Designer.vb" Description="File successfully backed up as C:\Users\Mory\Downloads\Programing\Mouse_and_keyboard_interaction_in_VBNET\Mouse and keyboard interaction in VBNET\Backup\My Project\Application.Designer.vb">
</Event><Event ErrorLevel="0" Project="Mouse and keyboard interaction in VBNET" Source="My Project\Resources.Designer.vb" Description="File successfully backed up as C:\Users\Mory\Downloads\Programing\Mouse_and_keyboard_interaction_in_VBNET\Mouse and keyboard interaction in VBNET\Backup\My Project\Resources.Designer.vb">
</Event><Event ErrorLevel="0" Project="Mouse and keyboard interaction in VBNET" Source="My Project\Settings.Designer.vb" Description="File successfully backed up as C:\Users\Mory\Downloads\Programing\Mouse_and_keyboard_interaction_in_VBNET\Mouse and keyboard interaction in VBNET\Backup\My Project\Settings.Designer.vb">
</Event><Event ErrorLevel="0" Project="Mouse and keyboard interaction in VBNET" Source="Win32.vb" Description="File successfully backed up as C:\Users\Mory\Downloads\Programing\Mouse_and_keyboard_interaction_in_VBNET\Mouse and keyboard interaction in VBNET\Backup\Win32.vb">
</Event><Event ErrorLevel="0" Project="Mouse and keyboard interaction in VBNET" Source="My Project\Application.myapp" Description="File successfully backed up as C:\Users\Mory\Downloads\Programing\Mouse_and_keyboard_interaction_in_VBNET\Mouse and keyboard interaction in VBNET\Backup\My Project\Application.myapp">
</Event><Event ErrorLevel="0" Project="Mouse and keyboard interaction in VBNET" Source="My Project\Settings.settings" Description="File successfully backed up as C:\Users\Mory\Downloads\Programing\Mouse_and_keyboard_interaction_in_VBNET\Mouse and keyboard interaction in VBNET\Backup\My Project\Settings.settings">
</Event><Event ErrorLevel="0" Project="Mouse and keyboard interaction in VBNET" Source="Form1.resx" Description="File successfully backed up as C:\Users\Mory\Downloads\Programing\Mouse_and_keyboard_interaction_in_VBNET\Mouse and keyboard interaction in VBNET\Backup\Form1.resx">
</Event><Event ErrorLevel="0" Project="Mouse and keyboard interaction in VBNET" Source="My Project\Resources.resx" Description="File successfully backed up as C:\Users\Mory\Downloads\Programing\Mouse_and_keyboard_interaction_in_VBNET\Mouse and keyboard interaction in VBNET\Backup\My Project\Resources.resx">
</Event><Event ErrorLevel="0" Project="Mouse and keyboard interaction in VBNET" Source="Mouse and keyboard interaction in VBNET.vbproj" Description="Project converted successfully">
</Event><Event ErrorLevel="3" Project="Mouse and keyboard interaction in VBNET" Source="Mouse and keyboard interaction in VBNET.vbproj" Description="Converted">
</Event><Event ErrorLevel="0" Project="" Source="Mouse and keyboard interaction in VBNET.sln" Description="Solution converted successfully">
</Event><Event ErrorLevel="3" Project="" Source="Mouse and keyboard interaction in VBNET.sln" Description="Converted">
</Event><Event ErrorLevel="0" Project="Mouse and keyboard interaction in VBNET" Source="Mouse and keyboard interaction in VBNET.vbproj" Description="Scan complete: Upgrade not required for project files.">
</Event></UpgradeLog>